ATM,5cd93e85d694b577614c34b9,Актау,700027,"Филиал АО ДБ ""Альфа-Банк""","г. Актау, 26 мкр., 16",IN - OUT,инкассирован,"43.661113, 51.163234",KZT,KZT,-,08:00-21:00,08:00-21:00,08:00-21:00,-
ATM,5cd93f46d694b577614cd364,Алматы,700062,"Филиал АО ДБ ""Альфа-Банк""","г. Алматы, ул. Айманова, 140",IN - OUT,инкассирован,"43.235276, 76.898150",KZT,USD/KZT,24/7,24/7,24/7,24/7,-
ATM,5e1c48c5856bcc01d28d672b,Алматы,700147,"Филиал АО ДБ ""Альфа-Банк""","г. Алматы, ул. Айманова, 140",IN - OUT,инкассирован,"43.235280, 76.898246",KZT,KZT,24/7,24/7,24/7,24/7,-
ATM,5e1c48c5856bcc01d28d672d,Алматы,700158,"ТЦ ""Люмир""","г. Алматы, мкрн. Астана, 1/10",IN - OUT,инкассирован,"43.212683, 76.856435",KZT,KZT,-,10:00-22:00,10:00-22:00,10:00-22:00,-
ATM,5e1c48c5856bcc01d28d672e,Алматы,700132,"ТЦ ""Алатау 1""","г. Алматы, Северное кольцо, 23",IN - OUT,инкассирован,"43.291758, 76.892472",KZT,KZT,-,09:00-17:00,09:00-17:00,09:00-17:00,вт-вс
ATM,5cd93f61d694b577614ce9d9,Алматы,700090,"ТРЦ ""МАРТ""","г. Алматы, ул. Зорге, 18",OUT,инкассирован,"43.335940, 76.953674",KZT,KZT,-,09:00-22:00,09:00-22:00,09:00-22:00,-
ATM,5e1c48c5856bcc01d28d672f,Алматы,700137,"ТРЦ ""Гранд Парк""","г. Алматы, ул. Кабдолова, 1, блок 10, линия А, торговая площадь № 2/2",IN - OUT,инкассирован,"43.238739, 76.851781",KZT,KZT,-,10:00-17:00,10:00-17:00,10:00-17:00,-
ATM,5e1c48c5856bcc01d28d6730,Алматы,700152,"ТРЦ ""Mega Park""","г. Алматы, ул. Макатаева, 127/1",IN - OUT,инкассирован,"43.264505, 76.930004",KZT,KZT,-,10:00-22:00,10:00-22:00,10:00-22:00,-
ATM,5e1c48c5856bcc01d28d6731,Алматы,700154,"ТРЦ ""Mega Center Alma-Ata""","г. Алматы, ул. Розыбакиева, 247а",IN - OUT,инкассирован,"43.202360, 76.892398",KZT,KZT,-,10:00-22:00,10:00-22:00,10:00-22:00,-
ATM,5e1c48c5856bcc01d28d6732,Алматы,700142,"ТРЦ ""Forum""","г. Алматы, пр. Сейфуллина, 617",IN - OUT,инкассирован,"43.234485, 76.935831",KZT,KZT,-,08:00-22:00,08:00-22:00,08:00-22:00,-
ATM,5cd93f1ed694b577614cb1d8,Алматы,700127,"ТРК ""АДК""","г. Алматы, ул. Сатпаева, 90",IN - OUT,инкассирован,"43.232684, 76.878267",KZT,KZT,-,10:00-22:00,10:00-22:00,10:00-22:00,-
ATM,5e1c48c5856bcc01d28d6734,Алматы,700056,"ТОО ""Компания ""ДОСТАР-КОММЕРЦ""""","г. Алматы, пр. Жибек Жолы, 53",OUT,инкассирован,"43.262459, 76.947028",KZT,KZT,24/7,24/7,24/7,24/7,-
ATM,5cd93f54d694b577614cdf1c,Алматы,700102,"ТК ""Жибек Жолы"" ДПФ ""Алматы 1""","г. Алматы, ул. Шолохова, 29",OUT,инкассирован,"43.336819, 76.946424",KZT,KZT,24/7,24/7,24/7,24/7,-
ATM,5e1c48c5856bcc01d28d6738,Алматы,700120,"ТК ""Жибек Жолы"" ДПФ ""Алматы 1""","г. Алматы, ул. Шолохова, 29",IN - OUT,инкассирован,"43.336714, 76.946382",KZT,KZT,24/7,24/7,24/7,24/7,-
ATM,5e1c48c5856bcc01d28d6739,Алматы,700157,"ТК ""БЕЛЕС""","г. Алматы, мкрн. Айнабулак 2, 71",IN - OUT,инкассирован,"43.319651, 76.915403",KZT,KZT,-,08:00-20:00,08:00-20:00,08:00-20:00,-
ATM,5e1c48c5856bcc01d28d673b,Алматы,700146,"ТД ""NUR""","г. Алматы, мкрн. Орбита 3, ул. Мустафина, 5Б",IN - OUT,инкассирован,"43.198824, 76.879791",KZT,KZT,-,10:00-17:00,10:00-17:00,10:00-17:00,-
ATM,5e1c48c5856bcc01d28d673e,Алматы,700074,"ДПФ ""Центральный""","г. Алматы, пр. Назарбаева, 226",IN - OUT,инкассирован,"43.232638, 76.950577",KZT,USD/KZT,24/7,24/7,24/7,24/7,-
ATM,5e1c48c5856bcc01d28d673d,Алматы,700104,"ДПФ ""Центральный""","г. Алматы, пр. Назарбаева, 226",IN - OUT,инкассирован,"43.232616, 76.950666",KZT,KZT,24/7,24/7,24/7,24/7,-
ATM,5cd93f54d694b577614cdf18,Алматы,700082,"ГО АО ДБ ""Альфа-Банк""","г. Алматы, пр. Назарбаева, 226",IN - OUT,инкассирован,"43.232629, 76.950486",KZT,USD/KZT,-,09:00-21:00,09:00-21:00,09:00-21:00,-
ATM,5cd93f1ed694b577614cb1d6,Алматы,700029,"АО ДБ ""Альфа-Банк"" (парадный вход)","г. Алматы, ул. Масанчи, 57а",IN - OUT,инкассирован,"43.249174, 76.928335",KZT,USD/KZT,24/7,24/7,24/7,24/7,-
ATM,5e1c48c5856bcc01d28d6740,Алматы,700126,"АО ДБ ""Альфа-Банк"" (в Зале ФЛ)","г. Алматы, ул. Масанчи, 57а",IN - OUT,инкассирован,"43.249167, 76.928418",KZT,KZT,-,09:00-18:00,-,-,-
ATM,5e1c48c5856bcc01d28d673f,Алматы,700129,"АО ДБ ""Альфа-Банк"" (в Зале ФЛ)","г. Алматы, ул. Масанчи, 57а",IN - OUT,инкассирован,"43.249202, 76.928295",KZT,KZT,-,09:00-18:00,-,-,-
ATM,5cd93f46d694b577614cd36a,Алматы,700063,Formula7,"г. Алматы, пр. Рыскулова, 57в",IN - OUT,инкассирован,"43.288148, 76.922972",KZT,KZT,-,09:00-18:00,09:00-18:00,-,-
ATM,5cd93fb1d694b577614d2b68,Атырау,700054,"Филиал АО ДБ ""Альфа-Банк""","г. Атырау, ул. Кулманова, 113, литер 4",OUT,инкассирован,"47.107221, 51.899612",KZT,KZT,24/7,24/7,24/7,24/7,-
ATM,5e1c48c5856bcc01d28d6741,Атырау,700116,"Филиал АО ДБ ""Альфа-Банк""","г. Атырау, ул. Кулманова, 113, литер 4",IN - OUT,инкассирован,"47.107133, 51.899645",KZT,KZT,-,09:00-18:00,10:00-15:00,-,-
ATM,5e1c48c5856bcc01d28d6742,Атырау,700150,"ТЦ ""Три Кита""","г. Атырау, ул. Кулманова, 113А",IN - OUT,инкассирован,"47.107291, 51.899782",KZT,KZT,24/7,24/7,24/7,24/7,-
ATM,5cd93fb1d694b577614d2b6a,Атырау,700100,"ТЦ ""Насиха""","г. Атырау, ул. Махамбета, 116а",OUT,инкассирован,"47.102598, 51.929189",KZT,KZT,-,08:00-19:00,08:00-19:00,08:00-19:00,-
ATM,5cd93fb1d694b577614d2b6c,Атырау,700065,"ТРК ""Атырау""","г. Атырау, ул. Сатпаева, 17а ",IN - OUT,инкассирован,"47.106109, 51.895382",KZT,USD/KZT,-,09:00-21:00,09:00-21:00,09:00-21:00,-
ATM,5ec2083fa5a6965690d39561,Атырау,700162,"Супермаркет ""Гастроном №1""","г. Атырау, ул. Жумагалиева, 15, Блок Б",OUT,инкассирован,"47.110509, 51.868452",KZT,KZT,-,10:00-19:00,10:00-19:00,10:00-19:00,-
ATM,5cd93fb1d694b577614d2b6e,Караганда,700041,"Филиал АО ДБ ""Альфа-Банк""","г. Караганда, пр. Бухар Жырау, 72/3",IN - OUT,инкассирован,"49.798553, 73.091258",KZT,KZT,24/7,24/7,24/7,24/7,-
ATM,5cd93fb1d694b577614d2b70,Караганда,700110,"Филиал АО ДБ ""Альфа-Банк""","г. Караганда, пр. Бухар Жырау, 72/3",IN - OUT,инкассирован,"49.798553, 73.091355",KZT,KZT,-,09:00-18:00,09:00-18:00,09:00-18:00,-
ATM,5cd93fb1d694b577614d2b72,Караганда,700078,"ТД ""NormaN""","г. Караганда, мкр. Гулдер-1, стр. 3/1",IN - OUT,инкассирован,"49.790869, 73.152930",KZT,KZT,-,09:00-23:00,09:00-23:00,09:00-23:00,-
ATM,5cd93fb1d694b577614d2b76,Костанай,700084,"Филиал АО ДБ ""Альфа-Банк""","г. Костанай, ул. Гоголя, 125",IN - OUT,инкассирован,"53.215427, 63.620236",KZT,KZT,24/7,24/7,24/7,24/7,-
ATM,5e1c48c5856bcc01d28d6746,Костанай,700117,"Филиал АО ДБ ""Альфа-Банк""","г. Костанай, ул. Гоголя, 125",IN - OUT,инкассирован,"53.215481, 63.620193",KZT,KZT,24/7,24/7,24/7,24/7,-
ATM,5e1c48c5856bcc01d28d6748,Нур-Султан,700057,"Филиал АО ДБ ""Альфа-Банк"" (БЦ ""Аффари"")","г. Нур-Султан, ул. А. Мамбетова, 24",IN - OUT,инкассирован,"51.165603, 71.423627",KZT,KZT,24/7,24/7,24/7,24/7,-
ATM,5e1c48c5856bcc01d28d674b,Нур-Султан,700064,"Филиал АО ДБ ""Альфа-Банк"" (БЦ ""Аффари"")","г. Нур-Султан, ул. А. Мамбетова, 24",IN - OUT,инкассирован,"51.165583, 71.423530",KZT,USD/KZT,24/7,24/7,24/7,24/7,-
ATM,5e1c48c5856bcc01d28d674a,Нур-Султан,700107,"Филиал АО ДБ ""Альфа-Банк"" (БЦ ""Аффари"")","г. Нур-Султан, ул. А. Мамбетова, 24",IN - OUT,инкассирован,"51.165718, 71.423862",KZT,KZT,24/7,24/7,24/7,24/7,-
ATM,5cd93f87d694b577614d0978,Нур-Султан,700136,"ТЦ ""Тулпар""","г. Нур-Султан, ул. Валиханова, 24",IN - OUT,инкассирован,"51.174882, 71.439498",KZT,KZT,-,10:00-22:00,10:00-22:00,10:00-22:00,-
ATM,5e1c48c5856bcc01d28d674d,Нур-Султан,700159,"ТЦ ""Магнум""","г. Нур-Султан, пр. Туран, 55",IN - OUT,инкассирован,"51.114820, 71.398311",KZT,KZT,24/7,24/7,24/7,24/7,-
ATM,5e1c48c5856bcc01d28d6750,Нур-Султан,700125,"ТЦ ""Евразия""","г. Нур-Султан, ул. Петрова, 24",IN - OUT,инкассирован,"51.147433, 71.472560",KZT,KZT,-,10:00-21:00,10:00-21:00,10:00-21:00,-
ATM,5e1c48c5856bcc01d28d6751,Нур-Султан,700135,"ТРЦ ""MEGA Silk Way""","г. Нур-Султан, пр. Кабанбай батыр, 62",IN - OUT,инкассирован,"51.089630, 71.404738",KZT,KZT,-,10:00-23:00,10:00-23:00,10:00-23:00,-
ATM,5e1c48c5856bcc01d28d6752,Нур-Султан,700151,"ТРЦ ""Abu Dhabi Plaza""","г. Нур-Султан, ул. Сыганак, 16/5",IN - OUT,инкассирован,"51.122730, 71.427354",KZT,KZT,24/7,24/7,24/7,24/7,-
ATM,5cd93f61d694b577614ce9dd,Нур-Султан,700236,"Рынок ""Амир""","г. Нур-Султан, шоссе Алаш, 29/2",OUT,инкассирован,"51.202006,71.482331",KZT,KZT,-,10:00-17:00,10:00-17:00,10:00-17:00,-
ATM,5cd93f95d694b577614d1587,Нур-Султан,700092,"ТД ""Северный""","г. Нур-Султан, ул. 188, д. 9",OUT,инкассирован,"51.168565, 71.389476",KZT,KZT,-,10:00-21:00,10:00-21:00,10:00-21:00,-
ATM,5e1c48c5856bcc01d28d6753,Нур-Султан,700148,"ТД ""Даулет""","г. Нур-Султан,  ул. Биржан-сал, 2",IN - OUT,инкассирован,"51.192209, 71.407534",KZT,KZT,-,08:00-22:00,08:00-22:00,08:00-22:00,-
ATM,5cd93f61d694b577614ce9e3,Нур-Султан,700038,"ТД ""Азияпарк""","г. Нур-Султан, пр. Кабанбай батыра, 21",OUT,инкассирован,"51.128142, 71.412841",KZT,KZT,24/7,24/7,24/7,24/7,-
ATM,5e1c48c5856bcc01d28d6754,Нур-Султан,700124,"Супермаркет ""Магнум""","г. Нур-Султан, ул. Едил, 26",IN - OUT,инкассирован,"51.145279, 71.526585",KZT,KZT,24/7,24/7,24/7,24/7,-
ATM,5cd93f95d694b577614d158d,Нур-Султан,700093,"ДПФ ""Есиль""","г. Нур-Султан, пр. Кабанбай батыр, 13/2",IN - OUT,инкассирован,"51.137126, 71.414488",KZT,USD/KZT,24/7,24/7,24/7,24/7,-
ATM,5cd93f95d694b577614d158b,Нур-Султан,700106,"ДПФ ""Есиль""","г. Нур-Султан, пр. Кабанбай батыр, 13/2",IN - OUT,инкассирован,"51.137119, 71.414617",KZT,KZT,24/7,24/7,24/7,24/7,-
ATM,5e1c48c5856bcc01d28d6755,Нур-Султан,700069,"ДПФ  ""Нурком""","г. Нур-Султан, пр. Момышулы, 2/2",IN - OUT,инкассирован,"51.134706, 71.462015",KZT,KZT,24/7,24/7,24/7,24/7,-
ATM,5cd93fb1d694b577614d2b64,Нур-Султан,700071,"ДПФ  ""Нурком""","г. Нур-Султан, ул.Б.Момышулы 2/2",IN - OUT,инкассирован,"51.134746, 71.462165",KZT,USD/KZT,24/7,24/7,24/7,24/7,-
ATM,5e1c48c5856bcc01d28d6756,Нур-Султан,700105,"ДПФ  ""Нурком""","г. Нур-Султан, ул. Момышулы, 2/2",IN - OUT,инкассирован,"51.134658, 71.462154",KZT,KZT,24/7,24/7,24/7,24/7,-
ATM,5e1c48c5856bcc01d28d6758,Павлодар,700091,"Филиал АО ДБ ""Альфа-Банк""","г. Павлодар, ул. Пахомова, 46/1, н.п. 81",IN - OUT,инкассирован,"52.280971, 76.962168",KZT,KZT,24/7,24/7,24/7,24/7,-
ATM,5cd93fc5d694b577614d3c4d,Павлодар,700114,"Филиал АО ДБ ""Альфа-Банк""","г. Павлодар, ул. Пахомова, 46/1, н.п. 81",IN - OUT,инкассирован,"52.280912, 76.962157",KZT,KZT,24/7,24/7,24/7,24/7,-
ATM,5cd93fc5d694b577614d3c4b,Павлодар,700096,"Здание Управления АО ""Водоканал""","г. Павлодар, ул. Каз. Правды, 1",IN - OUT,инкассирован,"52.388375, 76.968411",KZT,KZT,24/7,24/7,24/7,24/7,-
ATM,5cd93fc5d694b577614d3c50,Павлодар,700099,"АО ""Казэнергокабель""","г. Павлодар, Промышленная зона, Строение 6/2",OUT,инкассирован,"52.251145, 76.995092",KZT,KZT,24/7,24/7,24/7,24/7,-
ATM,5e1c48c5856bcc01d28d6759,Петропавловск,700058,"ТРЦ ""Dostyk Mall""","г. Петропавловск, ул. Жумабаева, 91",IN - OUT,инкассирован,"54.869939, 69.127886",KZT,KZT,24/7,24/7,24/7,24/7,-
ATM,5e1c48c5856bcc01d28d675a,Петропавловск,700045,"ТОО ""BioOperations""","СКО, Тайыншинский р-он, с. Чермошнянка, Промышленная зона, здание 1",OUT,инкассирован,"53.839018, 69.710354",KZT,KZT,-,09:00-22:00,09:00- 22:00,-,-
ATM,5cd93fc5d694b577614d3c52,Петропавловск,700051,Султан ЭММК,"г. Петропавловск, пр. Труда, 1",OUT,инкассирован,"54.851401, 69.129861",KZT,KZT,24/7,24/7,24/7,24/7,-
ATM,5e1c48c5856bcc01d28d675b,Семей,700055,"ТД ""Дана""","г. Семей, ул. Мухамедханова, 36",OUT,инкассирован,"50.410832, 80.258055",KZT,KZT,24/7,24/7,24/7,24/7,-
ATM,5cd93fc5d694b577614d3c5e,Семей,700088,"ТД ""SMALL""","г. Семей, ул. Ауэзова, 5",OUT,инкассирован,"50.394891, 80.228240",KZT,KZT,-,09:00-23:00,09:00-23:00,09:00-23:00,-
ATM,5cd93fc5d694b577614d3c62,Семей,700089,"Супермаркет ""ADAL""","г. Семей, пр. Шакарима, 75, н.п.1",IN - OUT,инкассирован,"50.417547, 80.256434",KZT,USD/KZT,-,08:00-00:00,08:00-00:00,08:00-00:00,-
ATM,5cd93fc5d694b577614d3c6a,Уральск,700066,"Филиал АО ДБ ""Альфа-Банк""","г. Уральск, ул. Сарайшык, 28",IN - OUT,инкассирован,"51.206371, 51.366581",KZT,KZT,24/7,24/7,24/7,24/7,-
ATM,5e1c48c5856bcc01d28d675c,Уральск,700111,"Филиал АО ДБ ""Альфа-Банк""","г. Уральск, ул. Сарайшык, 28",IN - OUT,инкассирован,"51.206257, 51.366645",KZT,KZT,24/7,24/7,24/7,24/7,-
ATM,5cd93fc5d694b577614d3c66,Уральск,700050,"ТЦ ""Павилион"", ДПФ ""Аксай""","г. Аксай, Мкр. 5А",OUT,инкассирован,"51.167394, 53.030501",KZT,KZT,-,09:00-19:00,09:00-19:00,09:00-19:00,-
ATM,5e1c48c5856bcc01d28d675d,Уральск,700149,"ТЦ ""Павилион"", ДПФ ""Аксай""","г. Аксай, Мкр. 5А",IN - OUT,инкассирован,"51.167354, 53.030565",KZT,KZT,24/7,24/7,24/7,24/7,-
ATM,5cd93fc5d694b577614d3c68,Уральск,700053,"ТД ""Адал"", ДПФ","г. Уральск, ул. Кердери, 78",OUT,инкассирован,"51.206495, 51.381575",KZT,KZT,24/7,24/7,24/7,24/7,-
ATM,5cd93fc5d694b577614d3c71,Усть-Каменогорск,700030,"Филиал АО ДБ ""Альфа-Банк""","г. Усть-Каменогорск, ул. Горького, 50",OUT,инкассирован,"49.949043, 82.623660",KZT,KZT,24/7,24/7,24/7,24/7,-
ATM,5cd93fc5d694b577614d3c6f,Усть-Каменогорск,700122,"Филиал АО ДБ ""Альфа-Банк""","г. Усть-Каменогорск, ул. Горького, 50",IN - OUT,инкассирован,"49.949075, 82.623639",KZT,KZT,-,09:00-18:00,10:00-15:00,-,-
ATM,5e1c48c5856bcc01d28d675f,Усть-Каменогорск,700138,"ТД ""Айгерим""","г. Усть-Каменогорск, ул. Утепова 7/1",OUT,инкассирован,"49.899179, 82.618221",KZT,KZT,-,09:00-20:00,09:00-20:00,09:00-20:00,-
ATM,5e1c48c5856bcc01d28d6760,Усть-Каменогорск,700076,"ЖД Вокзал ""Өскемен-1""","г. Усть-Каменогорск, ул. Темиржолшылар 93/2",IN - OUT,инкассирован,"50.006565, 82.564299",KZT,KZT,24/7,24/7,24/7,24/7,-
ATM,5cd93fc5d694b577614d3c73,Шымкент,700086,"Филиал АО ДБ ""Альфа-Банк""","г. Шымкент, ул. Тыныбаева, 7",IN - OUT,инкассирован,"42.320046, 69.596608",KZT,KZT,-,09:00-18:00,09:00-18:00,-,-
ATM,5e1c48c5856bcc01d28d6761,Шымкент,700112,"Филиал АО ДБ ""Альфа-Банк""","г. Шымкент, ул. Тыныбаева, 7",IN - OUT,инкассирован,"42.320070, 69.596578",KZT,KZT,24/7,24/7,24/7,24/7,-
ATM,5e1c48c5856bcc01d28d6762,Шымкент,700128,"Филиал АО ДБ ""Альфа-Банк""","г. Шымкент, ул. Тыныбаева, 7",IN - OUT,инкассирован,"42.320061, 69.596506",KZT,KZT,24/7,24/7,24/7,24/7,-
ATM,5cd93fc5d694b577614d3c83,Шымкент,700113,"ТЦ ""Север""","г. Шымкент, ул. Рыскулова, 49",IN - OUT,инкассирован,"42.339169, 69.639576",KZT,KZT,24/7,24/7,24/7,24/7,-
ATM,5e1c48c5856bcc01d28d6763,Шымкент,700140,"ТЦ ""Керемет""","г. Шымкент, ул. Байтурсынова, 81",IN - OUT,инкассирован,"42.339492, 69.601262",KZT,KZT,-,09:00-21:00,09:00-21:00,09:00-21:00,-
ATM,5e1c48c5856bcc01d28d6764,Шымкент,700095,"ТРК ""NAURYZ PARK""","г. Шымкент, пр. Байдибек би, 25",OUT,инкассирован,"42.353908, 69.614358",KZT,KZT,-,09:00-22:00,09:00-22:00,09:00-22:00,-
ATM,5e1c48c5856bcc01d28d6765,Шымкент,700139,"ТД ""Магнум""","г. Шымкент, ул. Володарского, 1/5",IN - OUT,инкассирован,"42.303160, 69.592132",KZT,KZT,-,09:00-21:00,09:00-21:00,09:00-21:00,-
ATM,5cd93fc5d694b577614d3c89,Экибастуз,700068,"Филиал АО ДБ ""Альфа-Банк""","г. Экибастуз, ул. Машхур Жусуп, 78а",IN - OUT,инкассирован,"51.719390, 75.330743",KZT,KZT,24/7,24/7,24/7,24/7,-
ATM,5cd93fc5d694b577614d3c86,Экибастуз,700094,"ТРЦ ""Болашак +""","г. Экибастуз, ул. Ауэзова, 49Б/1",OUT,инкассирован,"51.728393, 75.321750",KZT,KZT,-,10:00-21:00,10:00-21:00,10:00-21:00,-
ATM,5e7906b3bfb0c109e67b5bbb,Нур-Султан,700161,"ТРЦ ""Аружан""","г. Нур-Султан, ул. Жансугурулы, 8/1",IN - OUT,инкассирован,"51.160163, 71.482703",KZT,KZT,-,10:00-22:00,10:00-22:00,10:00-22:00,-
ATM,5f9f768bd69f482702bf00bb,Актау,700166,"ТРК ""Жанаозен""","г. Жанаозен, мкр. Оркен",IN - OUT,инкассирован,"43.336507, 52.855401",KZT,KZT,-,10:00-22:00,10:00-22:00,10:00-22:00,-
ATM,5f9f768bd69f482702bf00bc,Актау,700167,"Гипермаркет ""ДИНА""","г. Актау, 4 мкр., 74",IN - OUT,инкассирован,"43.637600, 51.165276",KZT,KZT,-,10:00-21:00,10:00-21:00,10:00-21:00,-
ATM,5f9f768bd69f482702bf00bd,Нур-Султан,700169,Центр цветов Romantic,"г. Нур-Султан, ул. Абылайхана, 32",IN - OUT,инкассирован,"51.154276, 71.485189",KZT,KZT,24/7,24/7,24/7,24/7,-
ATM,5f9f768bd69f482702bf00c0,Шымкент,700168,"Филиал АО ДБ ""Альфа-Банк""","г. Шымкент, ул. Тыныбаева, 7",IN - OUT,инкассирован,"42.320114, 69.596584",KZT,KZT,24/7,24/7,24/7,24/7,-
ATM,-,Актау,700206,"""Желтый рынок""","г. Актау, 31 мкр., 1",IN - OUT,инкассирован,"43.678018, 51.174488",KZT,KZT,-,09:00-18:00,09:00-18:00,09:00-18:00,-
ATM,-,Актау,700205,"Филиал АО ДБ ""Альфа-Банк""","г. Актау, 26 мкр., 16",OUT,инкассирован,"43.661051, 51.163419",KZT,KZT,-,08:00-21:00,08:00-21:00,08:00-21:00,-
ATM,-,Актау,700227,"ТРК ""Зиба""","г. Жанаозен, мкр. Самал, 44",IN - OUT,инкассирован,"43.338820, 52.864720",KZT,KZT,-,10:00-22:00,10:00-22:00,10:00-22:00,-
ATM,-,Актау,700228,"ТЦ ""Астана""","г. Актау, 14 мкр., 100",IN - OUT,инкассирован,"43.652830, 51.141220",KZT,KZT,-,10:00-21:00,10:00-21:00,10:00-21:00,-
ATM,-,Актау,700195,"ТРЦ ""Байтерек""","г. Актау, 27 мкр., 90",IN - OUT,инкассирован,"43.672319, 51.158557",KZT,KZT,24/7,24/7,24/7,24/7,-
ATM,-,Актау,700194,"Филиал АО ДБ ""Альфа-Банк""","г. Актау, 26 мкр., 16",IN - OUT,инкассирован,"43.661173, 51.163361",KZT,KZT,-,08:00-22:00,08:00-22:00,08:00-22:00,-
ATM,-,Актобе,700217,"ТЦ ""Алия""","г. Актобе, пр. Молдагуловой, 30а",IN - OUT,инкассирован,"50.289875, 57.156590",KZT,KZT,-,10:00-20:00,10:00-20:00,10:00-20:00,-
ATM,-,Актобе,700220,"ТД ""JANAT""","г. Актобе, ул. Заводская, 48",IN - OUT,инкассирован,"50.274405, 57.230426",KZT,KZT,-,09:00-19:00,09:00-19:00,09:00-19:00,-
ATM,-,Актобе,700192,"ТРК ""Keruen City""","г. Актобе, ул. Маметовой, 4",IN - OUT,инкассирован,"50.289216, 57.193885",KZT,KZT,-,10:00-00:00,10:00-00:00,10:00-00:00,-
ATM,-,Актобе,700193,"БЦ ""Нурдаулет""","г. Актобе, пр. Абилкайыр  Хана, 46",IN - OUT,инкассирован,"50.296457, 57.156327",KZT,KZT,-,09:00-20:00,09:00-20:00,09:00-20:00,-
ATM,-,Алматы,700197,"БЦ ""Сатти""","г. Талдыкорган, ул. Толебаева, 69",IN - OUT,инкассирован,"45.015181, 78.381831",KZT,KZT,-,08:00-22:00,08:00-22:00,08:00-22:00,-
ATM,-,Алматы,700203,"ДПФ ""Айманова""","г. Алматы, ул. Айманова, 140",IN - OUT,инкассирован,"43.235311, 76.898456",KZT,KZT,24/7,24/7,24/7,24/7,-
ATM,-,Алматы,700204,"ГО АО ДБ ""Альфа-Банк""","г. Алматы, пр. Назарбаева, 226",IN - OUT,инкассирован,"43.232627, 76.950595",KZT,KZT,-,09:00-22:00,09:00-22:00,09:00-22:00,-
ATM,-,Алматы,700177,"ДПФ ""Айманова""","г. Алматы, ул. Айманова, 140",IN - OUT,инкассирован,"43.235233, 76.898064",KZT,KZT,24/7,24/7,24/7,24/7,-
ATM,-,Алматы,700191,"Многофункциональный комплекс ""Kaisar Plaza""","г. Алматы, пр. Желтоксан, 115",IN - OUT,инкассирован,"43.253007, 76.938614",KZT,KZT,-,09:00-22:00,09:00-22:00,09:00-22:00,-
ATM,-,Нур-Султан,700172,"ДПО ""Есиль""","г. Нур-Султан, ул. Кабанбай Батыра, 13/2",IN - OUT,инкассирован,"51.137181, 71.414510",KZT,KZT,-,09:00-19:00,-,-,-
ATM,-,Нур-Султан,700173,"ТД ""Тон Сарайы""","г. Нур-Султан,  ул. Момышулы, 6",IN - OUT,инкассирован,"51.138229, 71.473513",KZT,KZT,-,10:00-22:00,10:00-22:00,10:00-22:00,-
ATM,-,Нур-Султан,700221,"ТД ""ИП Байырбекова""","г. Нур-Султан, пр. Мангелик Ел, 17, НП 256",IN - OUT,инкассирован,"51.116384, 71.433472",KZT,KZT,-,10:00-20:00,10:00-20:00,10:00-20:00,-
ATM,-,Нур-Султан,700188,"Деловой дом ""Алма-Ата""","г. Нур-Султан, ул. Иманова, 19",IN - OUT,инкассирован,"51.164654, 71.442159",KZT,KZT,24/7,24/7,24/7,24/7,-
ATM,-,Атырау,700233,"ТД ""Байзар""","г. Атырау, ул. Кулманова, 111",IN - OUT,инкассирован,"47.108629, 51.900490",KZT,KZT,24/7,24/7,24/7,24/7,-
ATM,-,Атырау,700189,"ТД ""Лимон""","г. Атырау, ул. Баймуханова, 66 Б",IN - OUT,инкассирован,"47.128460, 51.957210",KZT,KZT,-,09:00-20:00,09:00-20:00,09:00-20:00,-
ATM,-,Атырау,700190,"ТРЦ ""Тамаша""","г. Атырау, ул. Сатпаев, 37",IN - OUT,инкассирован,"47.104730, 51.883000",KZT,KZT,-,09:00-22:00,09:00-22:00,09:00-22:00,-
ATM,-,Караганда,700210,"ТЛЦ ""Самал""","г. Караганда, ул. Молокова, 123/5",IN - OUT,инкассирован,"49.783201, 73.101541",KZT,KZT,-,10:00-17:00,10:00-17:00,10:00-17:00,вт-вс
ATM,-,Караганда,700224,"Филиал АО ДБ ""Альфа-Банк""","г. Караганда, пр. Бухар Жырау, 72/3",IN - OUT,инкассирован,"49.798539, 73.091293",KZT,KZT,-,09:00-18:00,09:00-18:00,-,-
ATM,-,Караганда,700180," ТРЦ ""Global City""","г. Караганда, учетный квартал 134, ст. 921",IN - OUT,инкассирован,"49.806493, 73.152603",KZT,KZT,-,09:00-21:00,09:00-21:00,09:00-21:00,-
ATM,-,Караганда,700182,"ТРЦ ""Проспект""","г. Караганда, ул. Язева 14/1",IN - OUT,инкассирован,"49.776252, 73.134223",KZT,KZT,-,10:00-20:00,10:00-20:00,10:00-20:00,-
ATM,-,Караганда,700181,"ТД ""Галерея""","г. Караганда, пр. Назарбаева, 15",IN - OUT,инкассирован,"49.813783, 73.090496",KZT,KZT,24/7,24/7,24/7,24/7,-
ATM,-,Кокшетау,700209,"ТД ""Жеке Батыр""","г. Щучинск, ул. Абылай-Хана, 46а",IN - OUT,инкассирован,"52.938750, 70.205718",KZT,KZT,-,09:00-21:00,09:00-21:00,09:00-21:00,-
ATM,-,Кокшетау,700207,"Супермаркет ""Small""","г. Кокшетау, ул.  Ашимова, 228/1",IN - OUT,инкассирован,"53.279785, 69.412220",KZT,KZT,-,09:00-23:00,09:00-21:00,09:00-23:00,-
ATM,-,Кокшетау,700222,"Филиал АО ДБ ""Альфа-Банк""","г. Кокшетау, ул. Акана серы, 100",IN - OUT,инкассирован,"53.280867, 69.385513",KZT,KZT,-,09:00-18:00,09:00-15:00,-,-
ATM,-,Кокшетау,700201,"Филиал АО ДБ ""Альфа-Банк""","г. Кокшетау, ул. Акана серы, 100",IN - OUT,инкассирован,"53.280817, 69.385679",KZT,KZT,24/7,24/7,24/7,24/7,-
ATM,-,Кокшетау,700179,"БЦ ""Green Which""","г. Кокшетау, ул. Абая, 96",IN - OUT,инкассирован,"53.284399, 69.378781",KZT,KZT,-,09:00-18:00,09:00-15:00,-,-
ATM,-,Костанай,700175,"Магазин ""ARASAN""","г. Рудный, ул. 50 лет Октября, 55а",OUT,инкассирован,"52.974380, 63.093596",KZT,KZT,-,09:00-22:00,09:00-22:00,09:00-22:00,-
ATM,-,Костанай,700171,"ТЦ ""Казахско-Французский центр""","г. Костанай, ул. Гоголя, 85А",OUT,инкассирован,"53.212028, 63.627111",KZT,KZT,-,08:00-23:00,08:00-23:00,08:00-23:00,-
ATM,-,Костанай,700216,"Магазин ""ГУМ""","г. Рудный, ул. Корчагина, 88",IN - OUT,инкассирован,"52.971250, 63.099389",KZT,KZT,-,10:00-19:00,10:00-19:00,10:00-19:00,-
ATM,-,Костанай,700183,"Магазин ""Березка""","г. Костанай, ул. Чкалова, 17",IN - OUT,инкассирован,"53.182820, 63.593013",KZT,KZT,-,08:00-21:00,08:00-21:00,08:00-21:00,-
ATM,-,Костанай,700184,"ТЦ ""Метрополис""","г. Костанай, пр. Абая, 169",IN - OUT,инкассирован,"53.213870, 63.641177",KZT,KZT,-,08:00-20:00,08:00-20:00,08:00-20:00,-
ATM,-,Павлодар,700178,"Здание КГП на ПВХ ""Павлодарская областная станция скорой медицинской помощи""","г. Павлодар, ул. Абая, 115",OUT,инкассирован,"52.279584, 76.956421",KZT,KZT,24/7,24/7,24/7,24/7,-
ATM,-,Павлодар,700231,"Филиал АО ДБ ""Альфа-Банк""","г. Павлодар, ул. Пахомова, 46/1, н.п. 81",IN - OUT,инкассирован,"52.281060, 76.962150",KZT,KZT,24/7,24/7,24/7,24/7,-
ATM,-,Павлодар,700232,"Филиал АО ДБ ""Альфа-Банк""","г. Павлодар, ул. Пахомова, 46/1, н.п. 81",IN - OUT,инкассирован,"52.281153, 76.961949",KZT,KZT,24/7,24/7,24/7,24/7,-
ATM,-,Павлодар,700186,"Филиал АО ДБ ""Альфа-Банк""","г. Павлодар, ул. Пахомова, 46/1, н.п. 81",IN - OUT,инкассирован,"52.281130, 76.962130",KZT,KZT,24/7,24/7,24/7,24/7,-
ATM,-,Петропавловск,700219,"Филиал АО ДБ ""Альфа-Банк""","г. Петропавловск, ул. Интернациональная, 64а",IN - OUT,инкассирован,"54.867556, 69.143421",KZT,KZT,-,09:00-18:00,-,-,-
ATM,-,Петропавловск,700218,"Филиал АО ДБ ""Альфа-Банк""","г. Петропавловск, ул. Интернациональная, 64а",IN - OUT,инкассирован,"54.867518, 69.143548",KZT,KZT,24/7,24/7,24/7,24/7,-
ATM,-,Петропавловск,700198,"ТРЦ ""City Mall""","г. Петропавловск, ул. Валиханова, 56",IN - OUT,инкассирован,"54.907916, 69.142756",KZT,KZT,-,09:00-23:00,09:00-23:00,09:00-23:00,-
ATM,-,Семей,700196,"ТД ""Семей""","г. Семей, ул. Затаевича, 31",OUT,инкассирован,"50.392977, 80.232245",KZT,KZT,-,08:00-20:00,08:00-20:00,08:00-20:00,-
ATM,-,Семей,700234,"ТД ""Акшын""","г. Семей, ул. Засядко, 65",IN - OUT,инкассирован,"50.417800, 80.249500",KZT,KZT,08:00-18:00,08:00-18:00,08:00-18:00,08:00-18:00,-
ATM,-,Семей,700229,"Филиал АО ДБ ""Альфа-Банк""","г. Семей, ул. Байсеитова, 29",IN - OUT,инкассирован,"50.413558, 80.247781",KZT,KZT,24/7,24/7,24/7,24/7,-
ATM,-,Семей,700213,"Филиал АО ДБ ""Альфа-Банк""","г. Семей, ул. Байсеитова, 29",IN - OUT,инкассирован,"50.413555, 80.247924",KZT,KZT,24/7,24/7,24/7,24/7,-
ATM,-,Семей,700187,"ТД ""Апрель""","г. Семей, ул. Кабылбаева, 3",IN - OUT,инкассирован,"50.432585, 80.244676",KZT,KZT,-,09:00-23:00,09:00-23:00,09:00-23:00,-
ATM,-,Уральск,700174,"ТЦ ""Asia Mall""","г. Уральск, мкр. Женис, 3",IN - OUT,инкассирован,"51.248535, 51.435484",KZT,KZT,-,09:00-22:00,09:00-22:00,09:00-22:00,-
ATM,-,Уральск,700225,"ТРК ""City Center""","г. Уральск, пр. Абая, 101",IN - OUT,инкассирован,"51.220410, 51.389540",KZT,KZT,-,10:00-22:00,10:00-22:00,10:00-22:00,-
ATM,-,Уральск,700226,"ТРК ""Орал""","г. Уральск, пр. Абулхаир Хана, 179",IN - OUT,инкассирован,"51.249836, 51.434519",KZT,KZT,24/7,24/7,24/7,24/7,-
ATM,-,Уральск,700199,"Магазин ""Спутник""","г. Уральск, ул. Каримуллина, 2/5",IN - OUT,инкассирован,"51.242583, 51.373833",KZT,KZT,-,09:00-22:00,09:00-22:00,09:00-22:00,-
ATM,-,Усть-Каменогорск,700214,"ТД ""Валентина""","г. Усть-Каменогорск, пр. Назарбаева, 61а",IN - OUT,инкассирован,"49.977597, 82.582380",KZT,KZT,-,08:00-22:00,08:00-22:00,08:00-22:00,-
ATM,-,Усть-Каменогорск,700215,"ТД ""Алем""","г. Усть-Каменогорск, ул. Кабанбай батыра, 142",IN - OUT,инкассирован,"49.952639, 82.632972",KZT,KZT,-,09:00-20:00,09:00-20:00,09:00-20:00,-
ATM,-,Усть-Каменогорск,700200,"ТРК ""ADK River""","г. Усть-Каменогорск, ул. Казахстан, 62",IN - OUT,инкассирован,"49.943222, 82.625028",KZT,KZT,-,10:00-22:00,10:00-22:00,10:00-18:00,-
ATM,-,Шымкент,700208,"Бизнесцентр ""ЭСКО""","г. Шымкент, ул. Мадели Кожа, 1г",IN - OUT,инкассирован,"42.333849, 69.591552",KZT,KZT,-,09:00-22:00,09:00-22:00,09:00-22:00,-
ATM,-,Шымкент,700202,"Автовокзал ""Самал""","г. Шымкент, ул. Рыскулова, 162",IN - OUT,инкассирован,"42.348724, 69.567116",KZT,KZT,-,08:00-21:00,08:00-21:00,08:00-21:00,-
ATM,-,Экибастуз,700185,"Филиал АО ДБ ""Альфа-Банк""","г. Экибастуз, ул. Машхур Жусуп, 78а",IN - OUT,инкассирован,"51.719320, 75.330829",KZT,KZT,24/7,24/7,24/7,24/7,-
ATM,-,Актау,700227,"ТРК ""Зиба""","г. Жанаозен, мкр. Самал, 44",IN - OUT,инкассирован,"43.338820, 52.864720",KZT,KZT,-,10:00-22:00,10:00-22:00,10:00-22:00,-
ATM,-,Актау,700195,"ТРЦ ""Байтерек""","г. Актау, 27 мкр., 90",IN - OUT,инкассирован,"43.672319, 51.158557",KZT,KZT,24/7,24/7,24/7,24/7,-
ATM,-,Актобе,700253,"Филиал АО ДБ ""Альфа-Банк""","г. Актобе, ул. Молдагуловой, 45",IN - OUT,инкассирован,"50.288779, 57.159147",KZT,KZT,24/7,24/7,24/7,24/7,-
ATM,-,Актобе,700252,"Филиал АО ДБ ""Альфа-Банк""","г. Актобе, ул. Молдагуловой, 45",IN - OUT,инкассирован,"50.288923, 57.159018",KZT,KZT,-,09:00-18:00,-,-,-
ATM,-,Актобе,700217,"ТЦ ""Алия""","г. Актобе, пр. Молдагуловой, 30а",IN - OUT,инкассирован,"50.289875, 57.156590",KZT,KZT,-,10:00-20:00,10:00-20:00,10:00-20:00,-
ATM,-,Алматы,700056,"ТОО ""Компания ""ДОСТАР-КОММЕРЦ""""","г. Алматы, пр. Жибек Жолы, 53",OUT,инкассирован,"43.262459, 76.947028",KZT,KZT,24/7,24/7,24/7,24/7,-
ATM,-,Алматы,700102,"ТК ""Жибек Жолы"" ДПФ ""Алматы 1""","г. Алматы, ул. Шолохова, 29",OUT,инкассирован,"43.336819, 76.946424",KZT,KZT,24/7,24/7,24/7,24/7,-
ATM,-,Алматы,700158,"ТЦ ""Люмир""","г. Алматы, мкрн. Астана, 1/10",IN - OUT,инкассирован,"43.212683, 76.856435",KZT,KZT,-,10:00-23:00,10:00-23:00,10:00-23:00,-
ATM,-,Алматы,700203,"ДПФ ""Айманова""","г. Алматы, ул. Айманова, 140",IN - OUT,инкассирован,"43.235311, 76.898456",KZT,KZT,24/7,24/7,24/7,24/7,-
ATM,-,Алматы,700262,ИП Коспаев А.А.,"г. Алматы, мкрн. 9, зд. 21, н.п. 74",IN - OUT,установка,"43.213382, 76.858032",KZT,KZT,-,08:00-22:00,08:00-22:00,08:00-22:00,-
ATM,-,Алматы,700265,"ТРЦ ""MOSKVA Metropolitan""","г. Алматы, мкрн. 8, зд. 37/1",IN - OUT,установка,"43.226831, 76.863259",KZT,KZT,-,10:00-22:00,10:00-22:00,10:00-22:00,-
ATM,-,Нур-Султан,700236,"Рынок ""Амир""","г. Нур-Султан, шоссе Алаш, 29/2",OUT,инкассирован,"51.202006,71.482331",KZT,KZT,-,10:00-17:00,-,-,-
ATM,-,Нур-Султан,700057,"Филиал АО ДБ ""Альфа-Банк"" (БЦ ""Аффари"")","г. Нур-Султан, ул. А. Мамбетова, 24",IN - OUT,инкассирован,"51.165603, 71.423627",KZT,KZT,24/7,24/7,24/7,24/7,-
ATM,-,Нур-Султан,700092,"ТД ""Северный""","г. Нур-Султан, ул. 188, д. 9",OUT,инкассирован,"51.168565, 71.389476",KZT,KZT,-,10:00-21:00,10:00-21:00,10:00-21:00,-
ATM,-,Нур-Султан,700173,"ТД ""Тон Сарайы""","г. Нур-Султан,  ул. Момышулы, 6",IN - OUT,инкассирован,"51.138229, 71.473513",KZT,KZT,-,10:00-21:00,10:00-21:00,10:00-21:00,-
ATM,-,Нур-Султан,700257,"ТЦ ""Жаннур""","г. Нур-Султан, пр. Абая, 48",IN - OUT,инкассирован,"51.169755, 71.440525",KZT,KZT,-,0:00-20:00,0:00-20:00,0:00-20:00,-
ATM,-,Нур-Султан,700258,"Магазин ""Nova Market""","г. Нур-Султан, ул. 38, 30/3",IN - OUT,инкассирован,"51.090089, 71.449913",KZT,KZT,-,09:00-22:00,09:00-22:00,09:00-22:00,-
ATM,-,Нур-Султан,700256,"Крытый рынок ""Астаналык Базар""","г. Нур-Султан, ул.​ Сейфуллина, 47",IN - OUT,инкассирован,"51.173704, 71.436296",KZT,KZT,-,08:00-20:00,08:00-20:00,08:00-20:00,-
ATM,-,Нур-Султан,700255,"Супермаркет ""One Mart""","г. Нур-Султан, пр. Мангилик Ел, 41",IN - OUT,инкассирован,"51.102069, 71.428217",KZT,KZT,-,08:00-00:00,08:00-00:00,08:00-00:00,-
ATM,-,Нур-Султан,700254,"ТРЦ ""Green Mall""","г. Нур-Султан, ул. Сыганак, 17п",IN - OUT,инкассирован,"51.129896, 71.390387",KZT,KZT,-,10:00-22:00,10:00-22:00,10:00-22:00,-
ATM,-,Нур-Султан,700260,"ТД ""S10""","г. Нур-Султан, ул. Сыганак, 54",IN - OUT,инкассирован,"51.124071, 71.418307",KZT,KZT,-,10:00-20:00,10:00-20:00,10:00-20:00,-
ATM,-,Нур-Султан,700267,"Филиал АО ДБ ""Альфа-Банк"" (БЦ ""Аффари"")","г. Нур-Султан, ул. А. Мамбетова, 24",IN - OUT,инкассирован,"51.165788, 71.423418",KZT,KZT,24/7,24/7,24/7,24/7,-
ATM,-,Нур-Султан,700268,"Филиал АО ДБ ""Альфа-Банк"" (БЦ ""Аффари"")","г. Нур-Султан, ул. А. Мамбетова, 24",IN - OUT,установка,"51.165794, 71.423371",KZT,KZT,24/7,24/7,24/7,24/7,-
ATM,-,Нур-Султан,700274,"ДПФ  ""Нурком""","г. Нур-Султан, ул. Момышулы, 2/2",IN - OUT,установка,"51.134747, 71.462023",KZT,KZT,24/7,24/7,24/7,24/7,-
ATM,-,Нур-Султан,700272,"ДПФ ""Есиль""","г. Нур-Султан, пр. Кабанбай батыр, 13/2",IN - OUT,установка,"51.137035, 71.414236",KZT,KZT,24/7,24/7,24/7,24/7,-
ATM,-,Нур-Султан,700273,"ДПФ  ""Нурком""","г. Нур-Султан, ул. Момышулы, 2/2",IN - OUT,установка,"51.134727, 71.461905",KZT,KZT,24/7,24/7,24/7,24/7,-
ATM,-,Нур-Султан,700269,"Филиал АО ДБ ""Альфа-Банк"" (БЦ ""Аффари"")","г. Нур-Султан, ул. А. Мамбетова, 24",IN - OUT,установка,"51.165760, 71.423401",KZT,KZT,24/7,24/7,24/7,24/7,-
ATM,-,Нур-Султан,700270,"Филиал АО ДБ ""Альфа-Банк"" (БЦ ""Аффари"")","г. Нур-Султан, ул. А. Мамбетова, 24",IN - OUT,установка,"51.165736, 71.423396",KZT,KZT,24/7,24/7,24/7,24/7,-
ATM,-,Нур-Султан,700271,"ДПФ  ""Нурком""","г. Нур-Султан, ул. Момышулы, 2/2",IN - OUT,установка,"51.134774, 71.461776",KZT,KZT,24/7,24/7,24/7,24/7,-
ATM,-,Атырау,700150,"ТЦ ""Три Кита""","г. Атырау, ул. Кулманова, 113А",IN - OUT,инкассирован,"47.107291, 51.899782",KZT,KZT,24/7,24/7,24/7,24/7,-
ATM,-,Атырау,700065,"ТРК ""Атырау""","г. Атырау, ул. Сатпаева, 17а ",IN - OUT,инкассирован,"47.106109, 51.895382",KZT,KZT,-,09:00-21:00,09:00-21:00,09:00-21:00,-
ATM,-,Атырау,700189,"ТД ""Лимон""","г. Атырау, ул. Баймуханова, 66 Б",IN - OUT,инкассирован,"47.128460, 51.957210",KZT,KZT,-,09:00-18:00,09:00-18:00,09:00-18:00,-
ATM,-,Кокшетау,700207,"Супермаркет ""Small""","г. Кокшетау, ул.  Ашимова, 228/1",IN - OUT,инкассирован,"53.279785, 69.412220",KZT,KZT,-,09:00-23:00,09:00-21:00,09:00-23:00,-
ATM,-,Петропавловск,700219,"Филиал АО ДБ ""Альфа-Банк""","г. Петропавловск, ул. Интернациональная, 64а",IN - OUT,инкассирован,"54.867556, 69.143421",KZT,KZT,24/7,24/7,24/7,24/7,-
ATM,-,Усть-Каменогорск,700030,"Филиал АО ДБ ""Альфа-Банк""","г. Усть-Каменогорск, ул. Горького, 50",OUT,инкассирован,"49.949043, 82.623660",KZT,KZT,24/7,24/7,24/7,24/7,-
ATM,-,Усть-Каменогорск,700122,"Филиал АО ДБ ""Альфа-Банк""","г. Усть-Каменогорск, ул. Горького, 50",IN - OUT,инкассирован,"49.949075, 82.623639",KZT,KZT,-,09:00-18:00,10:00-15:00,-,-
ATM,-,Шымкент,700250,"Филиал АО ДБ ""Альфа-Банк""","г. Шымкент, ул. Аскарова, 32а",IN - OUT,инкассирован,"42.319860, 69.575999",KZT,KZT,24/7,24/7,24/7,24/7,-
ATM,-,Шымкент,700208,"Бизнесцентр ""ЭСКО""","г. Шымкент, ул. Мадели Кожа, 1г",IN - OUT,инкассирован,"42.333849, 69.591552",KZT,KZT,-,09:00-22:00,09:00-22:00,09:00-22:00,-
SST,5cda3204d694b5776161babc,Актау,12001,"Филиал АО ДБ ""Альфа-Банк""","г. Актау, мкр. 26, д. 16",IN,рабочее,"43.661144, 51.163187",KZT,KZT,-,08.00-21.00,08.00-21.00,08.00-21.00,-
SST,5cda3204d694b5776161bc23,Актау,12002,"Филиал АО ДБ ""Альфа-Банк""","г. Актау, мкр. 26, д. 16",IN,рабочее,"43.661160, 51.163251",KZT,KZT,-,08.00-21.00,08.00-21.00,08.00-21.00,-
SST,5e1c48c5856bcc01d28d6767,Актау,12004,"Филиал АО ДБ ""Альфа-Банк""","г. Актау, мкр. 26, д. 16",IN,рабочее,"43.661136, 51.163348",KZT,KZT,-,08.00-21.00,08.00-21.00,08.00-21.00,-
SST,5cda329dd694b57761628b04,Алматы,02010,"Филиал АО ДБ ""Альфа-Банк"" (операционный зал)","г. Алматы, Масанчи 57а",IN,рабочее,"43.249164, 76.928359",KZT,KZT,-,09.00-18.00,09.00-18.00,-,-
SST,5cda3234d694b5776161f954,Алматы,02006,"Филиал АО ДБ ""Альфа-Банк"" (зона 24/7)","г. Алматы, Масанчи 57а",IN,рабочее,"43.249144, 76.928254",KZT,KZT,24/7,24/7,24/7,24/7,-
SST,5cda3234d694b5776161f956,Алматы,02007,"ТЦ ""Алатау 1""","г. Алматы, Жетысуйский район, Северное кольцо, 23",IN,рабочее,"43.291143, 76.893084",KZT,KZT,-,09.00-17.00,09.00-17.00,09.00-17.00,вт-вс
SST,5cda3214d694b5776161cfee,Алматы,02001,"ТК ""Жибек Жолы"" ДПФ ""Алматы 1""","г. Алматы, ул. Шолохова, 29",IN,рабочее,"43.336819, 76.946424",KZT,KZT,-,09.00-18.00,09.00-18.00,09.00-18.00,-
SST,5cda329dd694b57761628b06,Алматы,02011,"ТК ""Жибек Жолы"" ДПФ ""Алматы 1""","г. Алматы, ул. Шолохова, 29",IN,рабочее,"43.336745, 76.946390",KZT,KZT,24/7,24/7,24/7,24/7,-
SST,5cda3224d694b5776161e5c1,Алматы,02004,"ТК ""ARMADA""","г. Алматы, ул. Кабдолова, 1/8",IN,рабочее,"43.235933, 76.844936",KZT,KZT,-,10.00-17.00 ,10.00-17.00 ,10.00-17.00 ,-
SST,5cda3234d694b5776161f952,Алматы,02003,ДПФ Филиала г. Алматы,"г. Алматы, Айманова 140",IN,рабочее,"43.235268, 76.898273",KZT,KZT,24/7,24/7,24/7,24/7,-
SST,5cda3224d694b5776161e5ba,Алматы,02005,ДПФ Филиала г. Алматы (зона 24/7),"г. Алматы, Айманова 140",IN,рабочее,"43.235248, 76.897956",KZT,KZT,24/7,24/7,24/7,24/7,-
SST,5cda3224d694b5776161e5b5,Алматы,02002,ДПФ Филиала г. Алматы,"г. Алматы, Айманова 140",IN,рабочее,"43.235264, 76.898112",KZT,KZT,-,09.00-19.00,09.00-19.00,-,-
SST,5e1c48c5856bcc01d28d6768,Алматы,02008,"ДПФ ""Центральный""","г. Алматы, пр. Назарбаев, 226",IN,рабочее,"43.232702, 76.950645",KZT,KZT,24/7,24/7,24/7,24/7,-
SST,5cda329dd694b57761628b02,Алматы,02009,"ГО АО ДБ ""Альфа-Банк"" (Рамстор)","г. Алматы, пр. Назарбаев, 226",IN,рабочее,"43.232692, 76.950519",KZT,KZT,-,09.00-22.00,09.00-22.00,09.00-22.00,-
SST,5cda32b4d694b5776162a97f,Атырау,06002,"Филиал АО ДБ ""Альфа-Банк""","г. Атырау, ул. Кулманова, 113е",IN,рабочее,"47.107291, 51.899782",KZT,KZT,24/7,24/7,24/7,24/7,-
SST,5cda32b4d694b5776162a98a,Атырау,06003,"Филиал АО ДБ ""Альфа-Банк""","г. Атырау, ул. Кулманова, 113е",IN,рабочее,"47.107188, 51.899548",KZT,KZT,-,09.00-18.00,10.00-15.00,-,-
SST,5cda32b4d694b5776162a991,Атырау,06004,"Филиал АО ДБ ""Альфа-Банк""","г. Атырау, ул. Кулманова, 113е",IN,рабочее,"47.107100, 51.899666",KZT,KZT,-,09.00-18.00,10.00-15.00,-,-
SST,5cda32b4d694b5776162a99c,Караганда,09001,"ТД ""Самал""","г. Караганда, ул. Молокова, 123/5",IN,рабочее,"49.783202, 73.101328",KZT,KZT,-,10.00 -17.00,10.00 -17.00,10.00 -17.00,-
SST,5cda32b4d694b5776162a9a6,Караганда,09002,"Филиал АО ДБ ""Альфа-Банк""","г. Караганда, пр. Бухар Жырау, 72/3",IN,рабочее,"49.798553, 73.091355",KZT,KZT,-,09.00-18.00,09.00-18.00,-,-
SST,5cda32b4d694b5776162a9a8,Караганда,09003,"ТД ""Умай""","г. Караганда, ул. Маркса, 9",IN,рабочее,"49.855205, 73.191575",KZT,KZT,-,09.00-20.00,09.00-20.00,09.00-20.00,-
SST,5cda32b4d694b5776162a9b7,Кокшетау,03002,"Филиал АО ДБ ""Альфа-Банк""","г. Кокшетау, ул. Акана Серы, 100",IN,рабочее,"53.280905, 69.385765",KZT,KZT,24/7,24/7,24/7,24/7,-
SST,5cda32b4d694b5776162a9c4,Кокшетау,03003,"Филиал АО ДБ ""Альфа-Банк""","г. Кокшетау, ул. Акана Серы, 100",IN,рабочее,"53.280879, 69.385883",KZT,KZT,24/7,24/7,24/7,24/7,-
SST,5cda32b4d694b5776162a9ac,Кокшетау,03001,"ДРЦ ""Рио""","г. Кокшетау, ул. Осипенко, 1",IN,рабочее,"53.291659, 69.380437",KZT,KZT,-,10.00 -21.00,10.00 -21.00,10.00 -21.00,-
SST,5cda32b4d694b5776162a9d2,Костанай,10001,"Филиал АО ДБ ""Альфа-Банк""","г. Костанай, ул. Гоголя, 125",IN,рабочее,"53.215415, 63.620203",KZT,KZT,24/7,24/7,24/7,24/7,-
SST,5cda32b4d694b5776162a9e2,Костанай,10002,"Филиал АО ДБ ""Альфа-Банк""","г. Костанай, ул. Гоголя, 125",IN,рабочее,"53.215409, 63.620195",KZT,KZT,24/7,24/7,24/7,24/7,-
SST,5cda32b4d694b5776162a9fc,Костанай,10003,"Филиал АО ДБ ""Альфа-Банк""","г. Костанай, ул. Гоголя, 125",IN,рабочее,"53.215403, 63.620117",KZT,KZT,-,09.00-18.00,10.00-15.00,-,-
SST,5e1c48c5856bcc01d28d676a,Нур-Султан,01003,"Филиал АО ДБ ""Альфа-Банк""","г. Нур-Султан, ул. А. Мамбетова, 24",IN,рабочее,"51.165603, 71.423627",KZT,KZT,24/7,24/7,24/7,24/7,-
SST,5e1c48c5856bcc01d28d676b,Нур-Султан,01005,"Филиал АО ДБ ""Альфа-Банк""","г. Нур-Султан, ул. А. Мамбетова, 24",IN,рабочее,"51.165623, 71.423788",KZT,KZT,24/7,24/7,24/7,24/7,-
SST,5e1c48c5856bcc01d28d6769,Нур-Султан,01008,"Филиал АО ДБ ""Альфа-Банк""","г. Нур-Султан, ул. А. Мамбетова, 24",IN,рабочее,"51.165764, 71.423659",KZT,KZT,24/7,24/7,24/7,24/7,-
SST,5cda32b4d694b5776162a959,Нур-Султан,01001,"ДПФ ""Нурком Центр""","г. Нур-Султан, пр. Момышулы 2/2",IN,рабочее,"51.134706, 71.462015",KZT,KZT,24/7,24/7,24/7,24/7,-
SST,5cda32b4d694b5776162a95b,Нур-Султан,01002,"ДПФ ""Нурком Центр""","г. Нур-Султан, пр. Момышулы 2/2",IN,рабочее,"51.134800, 71.462240",KZT,KZT,24/7,24/7,24/7,24/7,-
SST,5cda32b4d694b5776162a966,Нур-Султан,01006,"ДПФ ""Есиль""","г. Нур-Султан, пр. Кабанбай батыра 13/2, ВП 1",IN,рабочее,"51.137126, 71.414488",KZT,KZT,24/7,24/7,24/7,24/7,-
SST,5cda32b4d694b5776162a96f,Нур-Султан,01007,"ДПФ ""Есиль""","г. Нур-Султан, пр. Кабанбай батыра 13/2, ВП 1",IN,рабочее,"51.137099, 71.414670",KZT,KZT,24/7,24/7,24/7,24/7,-
SST,5cda32b4d694b5776162aa03,Павлодар,14001,"Филиал АО ДБ ""Альфа-Банк""","г. Павлодар, ул. Пахомова, 46/1, н.п. 81",IN,рабочее,52.281004 76.961996,KZT,KZT,24/7,24/7,24/7,24/7,-
SST,5cda32b4d694b5776162aa05,Павлодар,14005,"Филиал АО ДБ ""Альфа-Банк""","г. Павлодар, ул. Пахомова, 46/1, н.п. 81",IN,рабочее,"52.280933, 76.962136",KZT,KZT,24/7,24/7,24/7,24/7,-
SST,5cda32b4d694b5776162aa07,Петропавловск,15001,"Филиал АО ДБ ""Альфа-Банк""","г. Петропавловск, ул. Интернациональная, 64 а",IN,рабочее,"54.867493, 69.143446",KZT,KZT,-,09.00-18.00,09.00-18.00,-,-
SST,5cda32b4d694b5776162aa24,Петропавловск,15002,"Филиал АО ДБ ""Альфа-Банк""","г. Петропавловск, ул. Интернациональная, 64 а",IN,рабочее,"54.867493, 69.143510",KZT,KZT,24/7,24/7,24/7,24/7,-
SST,5e1c48c5856bcc01d28d676c,Петропавловск,15003,"Филиал АО ДБ ""Альфа-Банк""","г. Петропавловск, ул. Интернациональная, 64 а",IN,рабочее,"54.867456, 69.143499",KZT,KZT,24/7,24/7,24/7,24/7,-
SST,5cda32b4d694b5776162aa26,Семей,16002,"Филиал АО ДБ ""Альфа-Банк""","г. Семей, ул. Байсеитова, 29",IN,рабочее,"50.413532, 80.247859",KZT,KZT,24/7,24/7,24/7,24/7,-
SST,5cda32b4d694b5776162aa2c,Семей,16003,"Филиал АО ДБ ""Альфа-Банк""","г. Семей, ул. Байсеитова, 29",IN,рабочее,"50.413614, 80.247923",KZT,KZT,24/7,24/7,24/7,24/7,-
SST,5cda32b4d694b5776162aa35,Уральск,07001,"Филиал АО ДБ ""Альфа-Банк""","г. Уральск, ул. Сарайшык, 28 литер 56Б",IN,рабочее,"51.206371, 51.366581",KZT,KZT,24/7,24/7,24/7,24/7,-
SST,5cda32b4d694b5776162aa3f,Уральск,07002,"Филиал АО ДБ ""Альфа-Банк""","г. Уральск, ул. Сарайшык, 28 литер 56Б",IN,рабочее,"51.206223, 51.366517",KZT,KZT,24/7,24/7,24/7,24/7,-
SST,5cda32b4d694b5776162aa75,Уральск,07007,"ТЦ ""Павилион"", ДПФ ""Аксай""","г. Аксай, Мкр. 5А",IN,рабочее,"51.167394, 53.030501",KZT,KZT,-,09.00-19.00,09.00-19.00,-,-
SST,5cda32b4d694b5776162aa4b,Уральск,07005,"ТЦ ""Алем Плаза""","г. Уральск, пр. Евразия, 59/1",IN,рабочее,"51.217822, 51.379574",KZT,KZT,-,10.00-22.00,10.00-22.00,10.00-22.00,-
SST,5cda32b4d694b5776162aa49,Уральск,07006,"ТД ""Адал"", ДПФ","г. Уральск, ул. Кердери, 78",IN,рабочее,"51.206349, 51.381258",KZT,KZT,-,09.00-18.00,10.00-15.00,-,-
SST,5cda32b4d694b5776162aa47,Уральск,07004,"ТД ""Адал"", ДПФ","г. Уральск, ул. Кердери, 78",IN,рабочее,"51.206495, 51.381575",KZT,KZT,-,09.00-18.00,10.00-15.00,-,-
SST,5cda32b4d694b5776162aa7c,Усть-Каменогорск,16001,"Филиал АО ДБ ""Альфа-Банк""","г. Усть-Каменогорск, ул. Горького, 50",IN,рабочее,"49.949043, 82.623660",KZT,KZT,24/7,24/7,24/7,24/7,-
SST,5cda32b4d694b5776162aa88,Усть-Каменогорск,16007,"Филиал АО ДБ ""Альфа-Банк""","г. Усть-Каменогорск, ул. Горького, 50",IN,рабочее,"49.949075, 82.623639",KZT,KZT,-,09.00-18.00,10.00-15.00,-,-
SST,5cda32b4d694b5776162aa7e,Усть-Каменогорск,16004,"Торговый дом ""Daniel""","г. Усть-Каменогорск, пр. Абая, 1/1",IN,рабочее,"49.956865, 82.614059",KZT,KZT,-,09.00-21.00,09.00-21.00,09.00-21.00,-
SST,5cda32b4d694b5776162aa86,Усть-Каменогорск,16006,"Торговый дом ""Дети""","г. Усть-Каменогорск, ул.Чехова, 72а",IN,рабочее,"49.953278, 82.624702",KZT,KZT,-,09.00-19.00,09.00-19.00,09.00-19.00,-
SST,5cda32b4d694b5776162aa83,Усть-Каменогорск,16005,"ТД ""Айгерим""","г. Усть-Каменогорск, ул. Утепова 7/1",IN,рабочее,"49.899179, 82.618221",KZT,KZT,-,09.00-20.00,09.00-20.00,09:00-20:00,-
SST,5cda32b4d694b5776162aa9a,Шымкент,13001,"Филиал АО ДБ ""Альфа-Банк""","г. Шымкент, ул. Тыныбаева, 7",IN,рабочее,"42.320063, 69.596577",KZT,KZT,24/7,24/7,24/7,24/7,-
SST,5cda32b4d694b5776162aaab,Шымкент,13002,"Филиал АО ДБ ""Альфа-Банк""","г. Шымкент, ул. Тыныбаева, 7",IN,рабочее,"42.320084, 69.596697",KZT,KZT,24/7,24/7,24/7,24/7,-
SST,5cda32b4d694b5776162aab8,Экибастуз,14002,"Филиал АО ДБ ""Альфа-Банк""","г. Экибастуз, Жусупа, 78 а",IN,рабочее,"51.719390, 75.330743",KZT,KZT,24/7,24/7,24/7,24/7,-
SST,5cda32b4d694b5776162aac5,Экибастуз,14003,"Филиал АО ДБ ""Альфа-Банк""","г. Экибастуз, Жусупа, 78 а",IN,рабочее,"51.719450, 75.330893",KZT,KZT,24/7,24/7,24/7,24/7,-
SST,5e7906b3bfb0c109e67b5bbc,Актау,12005,"ТЦ ""Жигер""","г. Актау, мкр. 11а, д. 16",IN,рабочее,"43.653968, 51.162511",KZT,KZT,-,09.00-21.00,09.00-21.01,09:00-21:00,-
SST,5e7906b3bfb0c109e67b5bbd,Актау,12006,"ТРЦ ""Байтерек""","г. Актау, мкр. 27, д. 90",IN,рабочее,"43.672482, 51.159013",KZT,KZT,24/7,24/7,24/7,24/7,-
SST,5e7906b3bfb0c109e67b5bbf,Алматы,02012,"ТК ""Жибек Жолы"" ДПФ ""Алматы 1""","г. Алматы, ул. Шолохова, 29",IN,рабочее,"43.336500, 76.946328",KZT,KZT,24/7,24/7,24/7,24/7,-
SST,5e7906b3bfb0c109e67b5bc0,Алматы,02013,ДПФ Филиала г. Алматы (зона 24/7),"г. Алматы, Айманова 140",IN,рабочее,"43.235416, 76.898282",KZT,KZT,24/7,24/7,24/7,24/7,-
SST,5e7906b3bfb0c109e67b5bc1,Атырау,06005,"Филиал АО ДБ ""Альфа-Банк""","г. Атырау, ул. Кулманова, 113е",IN,рабочее,"47.107259, 51.899526",KZT,KZT,24/7,24/7,24/7,24/7,-
SST,5e7906b3bfb0c109e67b5bc2,Атырау,06006,"Филиал АО ДБ ""Альфа-Банк""","г. Атырау, ул. Кулманова, 113е",IN,рабочее,"47.107092, 51.899537",KZT,KZT,24/7,24/7,24/7,24/7,-
SST,5e7906b3bfb0c109e67b5bc3,Караганда,09004,"Филиал АО ДБ ""Альфа-Банк""","г. Караганда, пр. Бухар Жырау, 72/3",IN,рабочее,"49.798509, 73.091319",KZT,KZT,24/7,24/7,24/7,24/7,-
SST,5e7906b3bfb0c109e67b5bc4,Караганда,09005,"ТЦ ""Мечта""","г. Караганда, мкрн. Гульдер 1, 2а",IN,рабочее,"49.791604, 73.152573",KZT,KZT,-,10.00-21.00,10.00-21.00,10:00-21:00,-
SST,5e7906b3bfb0c109e67b5bc5,Кокшетау,03004,Центральный рынок,"г. Кокшетау, ул. Гагарина, 53",IN,рабочее,"53.290190, 69.381522",KZT,KZT,-,09.00-18.00,09.00-18.00,09:00-18:00,-
SST,5e7906b3bfb0c109e67b5bc6,Павлодар,14006,"Филиал АО ДБ ""Альфа-Банк""","г. Павлодар, ул. Пахомова, 46/1, н.п. 81",IN,рабочее,"52.280864, 76.962179",KZT,KZT,24/7,24/7,24/7,24/7,-
SST,5e7906b3bfb0c109e67b5bc7,Семей,16008,"ТД ""Small""","г. Семей, пр. Ауэзова, 5",IN,рабочее,"50.394891, 80.228240",KZT,KZT,-,09.00-23.00,09.00-23.00,09:00-23:00,-
SST,5e7906b3bfb0c109e67b5bc9,Шымкент,13003,"Филиал АО ДБ ""Альфа-Банк""","г. Шымкент, ул. Тыныбаева, 7",IN,рабочее,"42.320070, 69.596578",KZT,KZT,-,9:00-18:00,-,-,-
SST,5e7906b3bfb0c109e67b5bca,Шымкент,13004,"ТД ""Магнум""","г. Шымкент, ул. Володарского, 1/5",IN,рабочее,"42.303160, 69.592132",KZT,KZT,-,9:00-21:00,9:00-21:00,09:00-21:00,-
SST,5e7906b3bfb0c109e67b5bcb,Шымкент,13005,"ТРК ""Бекжан""","г. Шымкент, ул. Жиделибайсын, 92",IN,рабочее,"42.349221, 69.530183",KZT,KZT,-,9:00-21:00,9:00-21:00,09:00-21:00,-
SST,5e7906b3bfb0c109e67b5bd0,Алматы,02014,"ТК ""ARMADA""","г. Алматы, ул. Кабдолова, 1/8",IN,рабочее,"43.235542, 76.844264",KZT,KZT,-,10.00-17.00 ,10.00-17.00 ,10:00-17:00 ,-
SST,5f9f768bd69f482702bf00c1,Алматы,02015,"ТК ""Жибек Жолы"" ДПФ ""Алматы 1""","г. Алматы, ул. Шолохова, 29",IN,рабочее,"43.336527, 76.946372",KZT,KZT,24/7,24/7,24/7,24/7,-
SST,5f9f7b09d69f482702bf0137,Нур-Султан,01012,"ТД ""АЛЕМ""","г. Нур-Султан, ул. Богенбай батыра, 62",IN,рабочее,"51.177570, 71.435721",KZT,KZT,-,10.00-20.00,10.00-20.00,10:00-20:00,-
SST,5f9f7b09d69f482702bf0138,Атырау,06007,"Филиал АО ДБ ""Альфа-Банк""","г. Атырау, ул. Кулманова, 113е",IN,рабочее,"47.107188, 51.899527",KZT,KZT,-,9:00-18:00,10.00-15.00,-,-
SST,-,Актау,12003,"Филиал АО ДБ ""Альфа-Банк""","г. Актау, мкр. 26, д. 16",IN,рабочее,"43.661152, 51.163305",KZT,KZT,-,08.00-21.00,08.00-21.00,08.00-21.00,-
SST,-,Актобе,04008,"ТД ""Алтай""","г. Актобе ул. Братьев Жубановых, 285А",IN,рабочее,"50.283928, 57.163733",KZT,KZT,-,10.00-19.00,10.00-19.00,10.00-19.00,-
SST,-,Актобе,04007,"ТД ""Арай 2""","г. Актобе, ул. Тахауи Ахтанова, 48",IN,рабочее,"50.281914, 57.229680",KZT,KZT,-,09.00-19.00,09.00-19.00,09.00-19.00,-
SST,-,Нур-Султан,01013,"ТЦ ""Euromall""","г. Нур-Султан, ул. Шаймердена Косшыгулулы, 24",IN,рабочее,"51.172585, 71.379262",KZT,KZT,24/7,24/7,24/7,24/7,-
SST,-,Уральск,07009,"ТД ""Алтындар""","г. Уральск, мкрн. Астана, стр. 3/1",IN,рабочее,"51.251815, 51.441728",KZT,KZT,-,10.00-23.00,10.00-23.00,10.00-23.00,-